{
    "__comment__": "This is mus fitting upper bound a and lower bound b (a*(wl/790nm)^-b",
    "skin": {
        "max": [
            22.864383168867608,
            1.51048724436327
        ],
        "min": [
            12.404332101756355,
            -0.08598846980132553
        ]
    },
    "fat": {
        "max": [
            20.493229296742445,
            0.798053993566768
        ],
        "min": [
            11.178366313213612,
            0.36687640203426214
        ]
    },
    "muscle": {
        "max": [
            7.095381842807578,
            1.0187780137473998
        ],
        "min": [
            4.660634717031561,
            0.8049569913002195
        ]
    },
    "blood": {
        "max": [
            24.907713827751273,
            0.27884326800299575
        ],
        "min": [
            12.280455842610461,
            0.09953447812407776
        ]
    }
}
