{
    "Comment": "The mua below is 1/mm",
    "1: Air": 0,
    "2: PLA": 10000.0,
    "3: Prism": 0,
    "4: Skin": 0.0332,
    "5: Fat": 0.068,
    "6: Muscle": 0.05505,
    "7: Muscle or IJV (Perturbed Region)": 0.269649,
    "8: IJV": 0.269649,
    "9: CCA": 0.174123
}